 address_id , address                                , address2 , district             , city_id , postal_code , phone        
5, 1913 Hanoi Way                         ,          , Nagasaki             ,463,35200,28303384290
1, 47 MySakila Drive                      , NULL     , Alberta              ,300,,              
2, 28 MySQL Boulevard                     , NULL     , QLD                  ,576,,              
3, 23 Workhaven Lane                      , NULL     , Alberta              ,300,,14033335568
4, 1411 Lillydale Drive                   , NULL     , QLD                  ,576,,6172235589
6, 1121 Loja Avenue                       ,          , California           ,449,17886,839000000000
7, 692 Joliet Street                      ,          , Attika               ,38,83579,448000000000
8, 1566 Ineg?Âl Manor                     ,          , Mandalay             ,349,53561,706000000000
9, 53 Idfu Parkway                        ,          , Nantou               ,361,42399,10655648674
10, 1795 Santiago de Compostela Way        ,          , Texas                ,295,18743,860000000000
11, 900 Santiago de Compostela Parkway     ,          , Central Serbia       ,280,93896,717000000000
12, 478 Joliet Way                         ,          , Hamilton             ,200,77948,657000000000
13, 613 Korolev Drive                      ,          , Masqat               ,329,45844,381000000000
14, 1531 Sal?® Drive                       ,          , Esfahan              ,162,53628,649000000000
15, 1542 Tarlac Parkway                    ,          , Kanagawa             ,440,1027,635000000000
16, 808 Bhopal Manor                       ,          , Haryana              ,582,10672,466000000000
17, 270 Amroha Parkway                     ,          , Osmaniye             ,384,29610,695000000000
18, 770 Bydgoszcz Avenue                   ,          , California           ,120,16266,517000000000
19, 419 Iligan Lane                        ,          , Madhya Pradesh       ,76,72878,991000000000
20, 360 Toulouse Parkway                   ,          , England              ,495,54308,949000000000
21, 270 Toulon Boulevard                   ,          , Kalmykia             ,156,81766,408000000000
22, 320 Brest Avenue                       ,          , Kaduna               ,252,43331,748000000000
23, 1417 Lancaster Avenue                  ,          , Northern Cape        ,267,72192,273000000000
24, 1688 Okara Way                         ,          , Nothwest Border Prov ,327,21954,144000000000
25, 262 A Coru??a (La Coru??a) Parkway     ,          , Dhaka                ,525,34418,893000000000
26, 28 Charlotte Amalie Street             ,          , Rabat-Sal-Zammour-Z  ,443,37551,162000000000
27, 1780 Hino Boulevard                    ,          , Liepaja              ,303,7716,903000000000
28, 96 Tafuna Way                          ,          , C??rdoba             ,128,99865,935000000000
29, 934 San Felipe de Puerto Plata Street  ,          , Sind                 ,472,99780,196000000000
30, 18 Duisburg Boulevard                  ,          ,                      ,121,58327,998000000000
31, 217 Botshabelo Place                   ,          , Southern Mindanao    ,138,49521,665000000000
32, 1425 Shikarpur Manor                   ,          , Bihar                ,346,65599,678000000000
33, 786 Aurora Avenue                      ,          , Yamaguchi            ,474,65750,18461860151
34, 1668 An?ípolis Street                  ,          , Taipei               ,316,50199,525000000000
35, 33 Gorontalo Way                       ,          , West Bengali         ,257,30348,746000000000
36, 176 Mandaluyong Place                  ,          , Uttar Pradesh        ,239,65213,628000000000
37, 127 Purnea (Purnia) Manor              ,          , Piemonte             ,17,79388,912000000000
38, 61 Tama Street                         ,          , Okayama              ,284,94065,708000000000
39, 391 Callao Drive                       ,          , Midi-Pyrnes          ,544,34021,441000000000
40, 334 Munger (Monghyr) Lane              ,          , Markazi              ,31,38145,481000000000
41, 1440 Fukuyama Loop                     ,          , Henan                ,362,47929,912000000000
42, 269 Cam Ranh Parkway                   ,          , Chisinau             ,115,34689,490000000000
43, 306 Antofagasta Place                  ,          , Esprito Santo        ,569,3989,378000000000
44, 671 Graz Street                        ,          , Oriental             ,353,94399,681000000000
45, 42 Brindisi Place                      ,          , Yerevan              ,586,16744,42384721397
46, 1632 Bislig Avenue                     ,          , Nonthaburi           ,394,61117,472000000000
47, 1447 Imus Way                          ,          , Tahiti               ,167,48942,540000000000
48, 1998 Halifax Drive                     ,          , Lipetsk              ,308,76022,178000000000
49, 1718 Valencia Street                   ,          , Antofagasta          ,27,37359,675000000000
50, 46 Pjatigorsk Lane                     ,          , Moscow (City)        ,343,23616,262000000000
51, 686 Garland Manor                      ,          , Cear                 ,247,52535,69493378813
52, 909 Garland Manor                      ,          , Tatarstan            ,367,69367,706000000000
53, 725 Isesaki Place                      ,          , Mekka                ,237,74428,876000000000
54, 115 Hidalgo Parkway                    ,          , Khartum              ,379,80168,308000000000
55, 1135 Izumisano Parkway                 ,          , California           ,171,48150,172000000000
56, 939 Probolinggo Loop                   ,          , Galicia              ,1,4166,680000000000
57, 17 Kabul Boulevard                     ,          , Chiba                ,355,38594,698000000000
58, 1964 Allappuzha (Alleppey) Street      ,          , Yamaguchi            ,227,48980,921000000000
59, 1697 Kowloon and New Kowloon Loop      ,          , Moskova              ,49,57807,499000000000
60, 1668 Saint Louis Place                 ,          , Tahiti               ,397,39072,347000000000
61, 943 Tokat Street                       ,          , Vaduz                ,560,45428,889000000000
62, 1114 Liepaja Street                    ,          , Sarawak              ,282,69226,213000000000
63, 1213 Ranchi Parkway                    ,          , Karnataka            ,350,94352,800000000000
64, 81 Hodeida Way                         ,          , Rajasthan            ,231,55561,251000000000
65, 915 Ponce Place                        ,          , Basel-Stadt          ,56,83980,1395251317
66, 1717 Guadalajara Lane                  ,          , Missouri             ,441,85505,914000000000
67, 1214 Hanoi Way                         ,          , Nebraska             ,306,67055,491000000000
68, 1966 Amroha Avenue                     ,          , Sichuan              ,139,70385,333000000000
69, 698 Otsu Street                        ,          , Cayenne              ,105,71110,410000000000
70, 1150 Kimchon Manor                     ,          , Skne ln              ,321,96109,663000000000
71, 1586 Guaruj?í Place                    ,          , Hunan                ,579,5135,947000000000
72, 57 Arlington Manor                     ,          , Madhya Pradesh       ,475,48960,990000000000
73, 1031 Daugavpils Parkway                ,          , B?®char              ,63,59025,107000000000
74, 1124 Buenaventura Drive                ,          , Mekka                ,13,6856,408000000000
75, 492 Cam Ranh Street                    ,          , Eastern Visayas      ,61,50805,565000000000
76, 89 Allappuzha (Alleppey) Manor         ,          , National Capital Reg ,517,75444,256000000000
77, 1947 Po?ºos de Caldas Boulevard        ,          , Chiayi               ,114,60951,427000000000
78, 1206 Dos Quebradas Place               ,          , S?úo Paulo           ,431,20207,242000000000
79, 1551 Rampur Lane                       ,          , Changhwa             ,108,72394,251000000000
80, 602 Paarl Street                       ,          , Pavlodar             ,402,98889,896000000000
81, 1692 Ede Loop                          ,          , S?úo Paulo           ,30,9223,919000000000
82, 936 Salzburg Lane                      ,          , Uttar Pradesh        ,425,96709,876000000000
83, 586 Tete Way                           ,          , Kanagawa             ,256,1079,18581624103
84, 1888 Kabul Drive                       ,          , Oyo & Osun           ,217,20936,701000000000
85, 320 Baiyin Parkway                     ,          , Mahajanga            ,319,37307,224000000000
86, 927 Bah?¡a Blanca Parkway              ,          , Krim                 ,479,9495,822000000000
87, 929 Tallahassee Loop                   ,          , Gauteng              ,497,74671,801000000000
88, 125 Citt?á del Vaticano Boulevard      ,          , Puebla               ,40,67912,48417642933
89, 1557 K??tahya Boulevard                ,          , England              ,88,88002,721000000000
90, 870 Ashqelon Loop                      ,          , Songkhla             ,489,84931,135000000000
91, 1740 Portoviejo Avenue                 ,          , Sucre                ,480,29932,198000000000
92, 1942 Ciparay Parkway                   ,          , Cheju                ,113,82624,979000000000
93, 1926 El Alto Avenue                    ,          , Buenos Aires         ,289,75543,846000000000
94, 1952 Chatsworth Drive                  ,          , Guangdong            ,332,25958,992000000000
95, 1370 Le Mans Avenue                    ,          , Brunei and Muara     ,53,52163,346000000000
96, 984 Effon-Alaiye Avenue                ,          , Gois                 ,183,17119,133000000000
97, 832 Nakhon Sawan Manor                 ,          , Inner Mongolia       ,592,49021,276000000000
98, 152 Kitwe Parkway                      ,          , Caraga               ,82,53182,835000000000
99, 1697 Tanauan Lane                      ,          , Punjab               ,399,22870,4764773857
100, 1308 Arecibo Way                       ,          , Georgia              ,41,30695,6171054059
101, 1599 Plock Drive                       ,          , Tete                 ,534,71986,817000000000
102, 669 Firozabad Loop                     ,          , Abu Dhabi            ,12,92265,413000000000
103, 588 Vila Velha Manor                   ,          , Kyongsangbuk         ,268,51540,333000000000
104, 1913 Kamakura Place                    ,          , Lipetsk              ,238,97287,943000000000
105, 733 Mandaluyong Place                  ,          , Asir                 ,2,77459,197000000000
106, 659 Vaduz Drive                        ,          , Ha Darom             ,34,49708,710000000000
107, 1177 Jelets Way                        ,          , Kwara & Kogi         ,220,3305,484000000000
108, 1386 Yangor Avenue                     ,          , Provence-Alpes-Cte   ,543,80720,449000000000
109, 454 Nakhon Sawan Boulevard             ,          , Funafuti             ,173,76383,964000000000
110, 1867 San Juan Bautista Tuxtepec Avenue ,          , Ivanovo              ,225,78311,547000000000
111, 1532 Dzerzinsk Way                     ,          , Buenos Aires         ,334,9599,331000000000
112, 1002 Ahmadnagar Manor                  ,          , Mxico                ,213,93026,371000000000
113, 682 Junan Way                          ,          , North West           ,273,30418,622000000000
114, 804 Elista Drive                       ,          , Hubei                ,159,61069,380000000000
115, 1378 Alvorada Avenue                   ,          , Distrito Federal     ,102,75834,272000000000
116, 793 Cam Ranh Avenue                    ,          , California           ,292,87057,824000000000
117, 1079 Tel Aviv-Jaffa Boulevard          ,          , Sucre                ,132,10885,358000000000
118, 442 Rae Bareli Place                   ,          , Nordrhein-Westfalen  ,148,24321,887000000000
119, 1107 Nakhon Sawan Avenue               ,          , Mxico                ,365,75149,868000000000
120, 544 Malm?Â Parkway                     ,          , Central Java         ,403,63502,387000000000
121, 1967 Sincelejo Place                   ,          , Gujarat              ,176,73644,578000000000
122, 333 Goi?ónia Way                       ,          , Texas                ,185,78625,909000000000
123, 1987 Coacalco de Berrioz?íbal Loop     ,          , al-Qalyubiya         ,476,96065,788000000000
124, 241 Mosul Lane                         ,          , Risaralda            ,147,76157,765000000000
125, 211 Chiayi Drive                       ,          , Uttar Pradesh        ,164,58186,666000000000
126, 1175 Tanauan Way                       ,          , Lima                 ,305,64615,937000000000
127, 117 Boa Vista Way                      ,          , Uttar Pradesh        ,566,6804,678000000000
128, 848 Tafuna Manor                       ,          , K??tahya             ,281,45142,615000000000
129, 569 Baicheng Lane                      ,          , Gauteng              ,85,60304,490000000000
130, 1666 Qomsheh Drive                     ,          , S?úo Paulo           ,410,66255,583000000000
131, 801 Hagonoy Drive                      ,          , Smolensk             ,484,8439,237000000000
132, 1050 Garden Grove Avenue               ,          , Slaskie              ,236,4999,973000000000
133, 1854 Tieli Street                      ,          , Shandong             ,302,15819,509000000000
134, 758 Junan Lane                         ,          , Gois                 ,190,82639,935000000000
135, 1752 S?úo Leopoldo Parkway             ,          , Taka-Karpatia        ,345,14014,252000000000
136, 898 Bel?®m Manor                       ,          , Free State           ,87,49757,707000000000
137, 261 Saint Louis Way                    ,          , Coahuila de Zaragoza ,541,83401,322000000000
138, 765 Southampton Drive                  ,          , al-Qalyubiya         ,421,4285,23712411567
139, 943 Johannesburg Avenue                ,          , Maharashtra          ,417,5892,90921003005
140, 788 At?íinsk Street                    ,          , Karnataka            ,211,81691,146000000000
141, 1749 Daxian Place                      ,          , Gelderland           ,29,11044,963000000000
142, 1587 Sullana Lane                      ,          , Inner Mongolia       ,207,85769,468000000000
143, 1029 Dzerzinsk Manor                   ,          , Ynlin                ,542,57519,33173584456
144, 1666 Beni-Mellal Place                 ,          , Tennessee            ,123,13377,9099941466
145, 928 Jaffna Loop                        ,          , Hiroshima            ,172,93762,582000000000
146, 483 Ljubertsy Parkway                  ,          , Scotland             ,149,60562,581000000000
147, 374 Bat Yam Boulevard                  ,          , Kilis                ,266,97700,923000000000
148, 1027 Songkhla Manor                    ,          , Minsk                ,340,30861,564000000000
149, 999 Sanaa Loop                         ,          , Gauteng              ,491,3439,918000000000
150, 879 Newcastle Way                      ,          , Michigan             ,499,90732,207000000000
151, 1337 Lincoln Parkway                   ,          , Saitama              ,555,99457,598000000000
152, 1952 Pune Lane                         ,          , Saint-Denis          ,442,92150,355000000000
153, 782 Mosul Street                       ,          , Massachusetts        ,94,25545,886000000000
154, 781 Shimonoseki Drive                  ,          , Michoacn de Ocampo   ,202,95444,632000000000
155, 1560 Jelets Boulevard                  ,          , Shandong             ,291,77777,189000000000
156, 1963 Moscow Place                      ,          , Assam                ,354,64863,761000000000
157, 456 Escobar Way                        ,          , Jakarta Raya         ,232,36061,719000000000
158, 798 Cianjur Avenue                     ,          , Shanxi               ,590,76990,499000000000
159, 185 Novi Sad Place                     ,          , Bern                 ,72,41778,904000000000
160, 1367 Yantai Manor                      ,          , Ondo & Ekiti         ,381,21294,890000000000
161, 1386 Nakhon Sawan Boulevard            ,          , Pyongyang-si         ,420,53502,369000000000
162, 369 Papeete Way                        ,          , North Carolina       ,187,66639,170000000000
163, 1440 Compton Place                     ,          , North Austria        ,307,81037,931000000000
164, 1623 Bah?¡a Blanca Manor               ,          , Moskova              ,310,81511,150000000000
165, 97 Shimoga Avenue                      ,          , Tel Aviv             ,533,44660,177000000000
166, 1740 Le Mans Loop                      ,          , Pays de la Loire     ,297,22853,168000000000
167, 1287 Xi??angfan Boulevard              ,          , Gifu                 ,253,57844,819000000000
168, 842 Salzburg Lane                      ,          , Adana                ,529,3313,697000000000
169, 154 Tallahassee Loop                   ,          , Xinxiang             ,199,62250,936000000000
170, 710 San Felipe del Progreso Avenue     ,          , Lilongwe             ,304,76901,844000000000
171, 1540 Wroclaw Drive                     ,          , Maharashtra          ,107,62686,182000000000
172, 475 At?íinsk Way                       ,          , Gansu                ,240,59571,202000000000
173, 1294 Firozabad Drive                   ,          , Ji??angxi            ,407,70618,162000000000
174, 1877 Ezhou Lane                        ,          , Rajasthan            ,550,63337,265000000000
175, 316 Uruapan Street                     ,          , Perak                ,223,58194,276000000000
176, 29 Pyongyang Loop                      ,          , Batman               ,58,47753,735000000000
177, 1010 Klerksdorp Way                    ,          , Steiermark           ,186,6802,493000000000
178, 1848 Salala Boulevard                  ,          , Miranda              ,373,25220,48265851133
179, 431 Xi??angtan Avenue                  ,          , Kerala               ,18,4854,230000000000
180, 757 Rustenburg Avenue                  ,          , Skikda               ,483,89668,506000000000
181, 146 Johannesburg Way                   ,          , Tamaulipas           ,330,54132,954000000000
182, 1891 Rizhao Boulevard                  ,          , S?úo Paulo           ,456,47288,391000000000
183, 1089 Iwatsuki Avenue                   ,          , Kirov                ,270,35109,866000000000
184, 1410 Benin City Parkway                ,          , Risaralda            ,405,29747,104000000000
185, 682 Garden Grove Place                 ,          , Tennessee            ,333,67497,72136330362
186, 533 al-Ayn Boulevard                   ,          , California           ,126,8862,662000000000
187, 1839 Sz?®kesfeh?®rv?ír Parkway         ,          , Gois                 ,317,55709,947000000000
188, 741 Ambattur Manor                     ,          , Noord-Brabant        ,438,43310,303000000000
189, 927 Barcelona Street                   ,          , Chaharmahal va Bakht ,467,65121,951000000000
190, 435 0 Way                              ,          , West Bengali         ,195,74750,760000000000
191, 140 Chiayi Parkway                     ,          , Sumy                 ,506,38982,856000000000
192, 1166 Changhwa Street                   ,          , Caraga               ,62,58852,651000000000
193, 891 Novi Sad Manor                     ,          , Ontario              ,383,5379,248000000000
194, 605 Rio Claro Parkway                  ,          , Tabora               ,513,49348,352000000000
195, 1077 San Felipe de Puerto Plata Place  ,          , Rostov-na-Donu       ,369,65387,813000000000
196, 9 San Miguel de Tucum?ín Manor         ,          , Uttar Pradesh        ,169,90845,956000000000
197, 447 Surakarta Loop                     ,          , Nyanza               ,271,10428,941000000000
198, 345 Oshawa Boulevard                   ,          , Tokyo-to             ,204,32114,104000000000
199, 1792 Valle de la Pascua Place          ,          , Nordrhein-Westfalen  ,477,15540,419000000000
200, 1074 Binzhou Manor                     ,          , Baden-Wrttemberg     ,325,36490,331000000000
201, 817 Bradford Loop                      ,          , Ji??angsu            ,109,89459,264000000000
202, 955 Bamenda Way                        ,          , Ondo & Ekiti         ,218,1545,768000000000
203, 1149 A Coru??a (La Coru??a) Boulevard  ,          , Haiphong             ,194,95824,471000000000
204, 387 Mwene-Ditu Drive                   ,          , Ahal                 ,35,8073,764000000000
205, 68 Molodet?íno Manor                   ,          , Nordrhein-Westfalen  ,575,4662,147000000000
206, 642 Nador Drive                        ,          , Maharashtra          ,77,3924,369000000000
207, 1688 Nador Lane                        ,          , Sulawesi Utara       ,184,61613,652000000000
208, 1215 Pyongyang Parkway                 ,          , Usak                 ,557,25238,646000000000
209, 1679 Antofagasta Street                ,          , Alto Paran           ,122,86599,906000000000
210, 1304 ??s-Hertogenbosch Way             ,          , Santa Catarina       ,83,10925,90336226227
211, 850 Salala Loop                        ,          , Kitaa                ,371,10800,403000000000
212, 624 Oshawa Boulevard                   ,          , West Bengali         ,51,89959,49677664184
213, 43 Dadu Avenue                         ,          , Rajasthan            ,74,4855,95666951770
214, 751 Lima Loop                          ,          , Aden                 ,7,99405,756000000000
215, 1333 Haldia Street                     ,          , Jilin                ,174,82161,408000000000
216, 660 Jedda Boulevard                    ,          , Washington           ,65,25053,169000000000
217, 1001 Miyakonojo Lane                   ,          , Taizz                ,518,67924,584000000000
218, 226 Brest Manor                        ,          , California           ,508,2299,786000000000
219, 1229 Valencia Parkway                  ,          , Haskovo              ,498,99124,353000000000
220, 1201 Qomsheh Manor                     ,          , Gois                 ,28,21464,873000000000
221, 866 Shivapuri Manor                    ,          , Uttar Pradesh        ,448,22474,779000000000
222, 1168 Najafabad Parkway                 ,          , Kabol                ,251,40301,887000000000
223, 1244 Allappuzha (Alleppey) Place       ,          , Buenos Aires         ,567,20657,992000000000
224, 1842 Luzi?ónia Boulevard               ,          , Zanzibar West        ,593,94420,707000000000
225, 1926 Gingoog Street                    ,          , Sisilia              ,511,22824,470000000000
226, 810 Palghat (Palakkad) Boulevard       ,          , Jaroslavl            ,235,73431,516000000000
227, 1820 Maring?í Parkway                  ,          , Punjab               ,324,88307,99760893676
228, 60 Po?ºos de Caldas Street             ,          , Rajasthan            ,243,82338,963000000000
229, 1014 Loja Manor                        ,          , Tamil Nadu           ,22,66851,461000000000
230, 201 Effon-Alaiye Way                   ,          , Asunci??n            ,37,64344,684000000000
231, 430 Alessandria Loop                   ,          , Saarland             ,439,47446,670000000000
232, 754 Valencia Place                     ,          , Phnom Penh           ,406,87911,594000000000
233, 356 Olomouc Manor                      ,          , Gois                 ,26,93323,22326410776
234, 1256 Bislig Boulevard                  ,          , Botosani             ,86,50598,479000000000
235, 954 Kimchon Place                      ,          , West Bengali         ,559,42420,541000000000
236, 885 Yingkou Manor                      ,          , Kaduna               ,596,31390,589000000000
237, 1736 Cavite Place                      ,          , Qina                 ,216,98775,432000000000
238, 346 Skikda Parkway                     ,          , Hawalli              ,233,90628,630000000000
239, 98 Stara Zagora Boulevard              ,          , Valle                ,96,76448,610000000000
240, 1479 Rustenburg Boulevard              ,          , Southern Tagalog     ,527,18727,728000000000
241, 647 A Coru??a (La Coru??a) Street      ,          , Chollanam            ,357,36971,793000000000
242, 1964 Gij??n Manor                      ,          , Karnataka            ,473,14408,918000000000
243, 47 Syktyvkar Lane                      ,          , West Java            ,118,22236,63937119031
244, 1148 Saarbr??cken Parkway              ,          , Fukushima            ,226,1921,138000000000
245, 1103 Bilbays Parkway                   ,          , Hubei                ,578,87660,280000000000
246, 1246 Boksburg Parkway                  ,          , Hebei                ,422,28349,890000000000
247, 1483 Pathankot Street                  ,          , Tucumn               ,454,37288,686000000000
248, 582 Papeete Loop                       ,          , Central Visayas      ,294,27722,570000000000
249, 300 Junan Street                       ,          , Kyonggi              ,553,81314,890000000000
250, 829 Grand Prairie Way                  ,          , Paran?í              ,328,6461,741000000000
251, 1473 Changhwa Parkway                  ,          , Mxico                ,124,75933,267000000000
252, 1309 Weifang Street                    ,          , Florida              ,520,57338,436000000000
253, 1760 Oshawa Manor                      ,          , Tianjin              ,535,38140,56257502250
254, 786 Stara Zagora Way                   ,          , Oyo & Osun           ,390,98332,716000000000
255, 1966 Tonghae Street                    ,          , Anhalt Sachsen       ,198,36481,567000000000
256, 1497 Yuzhou Drive                      ,          , England              ,312,3433,247000000000
258, 752 Ondo Loop                          ,          , Miyazaki             ,338,32474,135000000000
259, 1338 Zalantun Lane                     ,          , Minas Gerais         ,413,45403,841000000000
260, 127 Iwakuni Boulevard                  ,          , Central Luzon        ,192,20777,987000000000
261, 51 Laredo Avenue                       ,          , Sagaing              ,342,68146,885000000000
262, 771 Yaound?® Manor                     ,          , Sofala               ,64,86768,245000000000
263, 532 Toulon Street                      ,          , Santiago             ,460,69517,46871694740
264, 1027 Banjul Place                      ,          , West Bengali         ,197,50390,538000000000
265, 1158 Mandi Bahauddin Parkway           ,          , Shanxi               ,136,98484,277000000000
266, 862 Xintai Lane                        ,          , Cagayan Valley       ,548,30065,265000000000
267, 816 Cayenne Parkway                    ,          , Manab                ,414,93629,283000000000
268, 1831 Nam Dinh Loop                     ,          , National Capital Reg ,323,51990,323000000000
269, 446 Kirovo-T?íepetsk Lane              ,          , Osaka                ,203,19428,304000000000
270, 682 Halisahar Place                    ,          , Severn Morava        ,378,20536,476000000000
271, 1587 Loja Manor                        ,          , Salzburg             ,447,5410,622000000000
272, 1762 Paarl Parkway                     ,          , Hunan                ,298,53928,192000000000
273, 1519 Ilorin Place                      ,          , Kerala               ,395,49298,357000000000
274, 920 Kumbakonam Loop                    ,          , California           ,446,75090,685000000000
275, 906 Goi?ónia Way                       ,          , Wielkopolskie        ,255,83565,702000000000
276, 1675 Xi??angfan Manor                  ,          , Tamil Nadu           ,283,11763,271000000000
277, 85 San Felipe de Puerto Plata Drive    ,          , Shandong             ,584,46063,171000000000
278, 144 South Hill Loop                    ,          , Guanajuato           ,445,2012,45387294817
279, 1884 Shikarpur Avenue                  ,          , Haryana              ,263,85548,960000000000
280, 1980 Kamjanets-Podilskyi Street        ,          , Illinois             ,404,89502,874000000000
281, 1944 Bamenda Way                       ,          , Michigan             ,573,24645,75975221996
282, 556 Baybay Manor                       ,          , Oyo & Osun           ,374,55802,364000000000
283, 457 Tongliao Loop                      ,          , Bursa                ,222,56254,881000000000
284, 600 Bradford Street                    ,          , East Azerbaidzan     ,514,96204,118000000000
285, 1006 Santa B?írbara d??Oeste Manor     ,          , Ondo & Ekiti         ,389,36229,85059738746
286, 1308 Sumy Loop                         ,          , Fujian               ,175,30657,583000000000
287, 1405 Chisinau Place                    ,          , Ponce                ,411,8160,62781725285
288, 226 Halifax Street                     ,          , Xinxiang             ,277,58492,791000000000
289, 1279 Udine Parkway                     ,          , Edo & Delta          ,69,75860,195000000000
290, 1336 Benin City Drive                  ,          , Shiga                ,386,46044,341000000000
291, 1155 Liaocheng Place                   ,          , Oyo & Osun           ,152,22650,558000000000
292, 1993 Tabuk Lane                        ,          , Tamil Nadu           ,522,64221,648000000000
293, 86 Higashiosaka Lane                   ,          , Guanajuato           ,563,33768,957000000000
294, 1912 Allende Manor                     ,          , Kowloon and New Kowl ,279,58124,172000000000
295, 544 Tarsus Boulevard                   ,          , Gurico               ,562,53145,892523334
296, 1936 Cuman?í Avenue                    ,          , Virginia             ,433,61195,977000000000
297, 1192 Tongliao Street                   ,          , Sharja               ,470,19065,351000000000
298, 44 Najafabad Way                       ,          , Baskimaa             ,146,61391,96604821070
299, 32 Pudukkottai Lane                    ,          , Ohio                 ,140,38834,967000000000
300, 661 Chisinau Lane                      ,          , Pietari              ,274,8856,816000000000
301, 951 Stara Zagora Manor                 ,          , Punjab               ,400,98573,430000000000
302, 922 Vila Velha Loop                    ,          , Maharashtra          ,9,4085,511000000000
303, 898 Jining Lane                        ,          , Pohjois-Pohjanmaa    ,387,40070,162000000000
304, 1635 Kuwana Boulevard                  ,          , Hiroshima            ,205,52137,711000000000
305, 41 El Alto Parkway                     ,          , Maharashtra          ,398,56883,51917807050
306, 1883 Maikop Lane                       ,          , Kaliningrad          ,254,68469,96110042435
307, 1908 Gaziantep Place                   ,          , Liaoning             ,536,58979,108000000000
308, 687 Alessandria Parkway                ,          , Sanaa                ,455,57587,407000000000
309, 827 Yuncheng Drive                     ,          , Callao               ,99,79047,504000000000
310, 913 Coacalco de Berrioz?íbal Loop      ,          , Texas                ,33,42141,262000000000
311, 715 S?úo Bernardo do Campo Lane        ,          , Kedah                ,507,84804,181000000000
312, 1354 Siegen Street                     ,          , Rio de Janeiro       ,25,80184,573000000000
313, 1191 Sungai Petani Boulevard           ,          , Missouri             ,262,9668,983000000000
314, 1224 Huejutla de Reyes Boulevard       ,          , Lombardia            ,91,70923,806000000000
315, 543 Bergamo Avenue                     ,          , Minas Gerais         ,215,59686,104000000000
316, 746 Joliet Lane                        ,          , Kursk                ,286,94878,688000000000
317, 780 Kimberley Way                      ,          , Tabuk                ,515,17032,824000000000
318, 1774 Yaound?® Place                    ,          , Hubei                ,166,91400,613000000000
319, 1957 Yantai Lane                       ,          , S?úo Paulo           ,490,59255,705000000000
320, 1542 Lubumbashi Boulevard              ,          , Tel Aviv             ,57,62472,509000000000
321, 651 Pathankot Loop                     ,          , Maharashtra          ,336,59811,139000000000
322, 1359 Zhoushan Parkway                  ,          , Streymoyar           ,545,29763,46568045367
323, 1769 Iwaki Lane                        ,          , Kujawsko-Pomorskie   ,97,25787,556000000000
324, 1145 Vilnius Manor                     ,          , Mxico                ,451,73170,675000000000
325, 1892 Nabereznyje T?íelny Lane          ,          , Tutuila              ,516,28396,478000000000
326, 470 Boksburg Street                    ,          , Central              ,81,97960,908000000000
327, 1427 A Coru??a (La Coru??a) Place      ,          , Buenos Aires         ,45,85799,973000000000
328, 479 San Felipe del Progreso Avenue     ,          , Morelos              ,130,54949,869000000000
329, 867 Benin City Avenue                  ,          , Henan                ,591,78543,169000000000
330, 981 Kumbakonam Place                   ,          , Distrito Federal     ,89,87611,829000000000
331, 1016 Iwakuni Street                    ,          , St George            ,269,49833,961000000000
332, 663 Bah?¡a Blanca Parkway              ,          , Adana                ,5,33463,834000000000
333, 1860 Taguig Loop                       ,          , West Java            ,119,59550,38158430589
334, 1816 Bydgoszcz Loop                    ,          , Dhaka                ,234,64308,965000000000
335, 587 Benguela Manor                     ,          , Illinois             ,42,91590,165000000000
336, 430 Kumbakonam Drive                   ,          , Santa F?®            ,457,28814,105000000000
337, 1838 Tabriz Lane                       ,          , Dhaka                ,143,1195,38988715447
338, 431 Sz?®kesfeh?®rv?ír Avenue           ,          , Baki                 ,48,57828,120000000000
339, 503 Sogamoso Loop                      ,          , Sumqayit             ,505,49812,835000000000
340, 507 Smolensk Loop                      ,          , Sousse               ,492,22971,80303246192
341, 1920 Weifang Avenue                    ,          , Uttar Pradesh        ,427,15643,870000000000
342, 124 al-Manama Way                      ,          , Hiroshima            ,382,52368,648000000000
343, 1443 Mardan Street                     ,          , Western Cape         ,392,31483,231000000000
344, 1909 Benguela Lane                     ,          , Henan                ,581,19913,624000000000
345, 68 Ponce Parkway                       ,          , Hanoi                ,201,85926,871000000000
346, 1217 Konotop Avenue                    ,          , Gelderland           ,151,504,719000000000
347, 1293 Nam Dinh Way                      ,          , Roraima              ,84,71583,698000000000
348, 785 Vaduz Street                       ,          , Baja California      ,335,36170,896000000000
349, 1516 Escobar Drive                     ,          , Tongatapu            ,370,46069,64536069371
350, 1628 Nagareyama Lane                   ,          , Central              ,453,60079,20064292617
351, 1157 Nyeri Loop                        ,          , Adygea               ,320,56380,263000000000
352, 1673 Tangail Drive                     ,          , Daugavpils           ,137,26857,628000000000
353, 381 Kabul Way                          ,          , Taipei               ,209,87272,55477302294
354, 953 Hodeida Street                     ,          , Southern Tagalog     ,221,18841,53912826864
355, 469 Nakhon Sawan Street                ,          , Tuvassia             ,531,58866,689000000000
356, 1378 Beira Loop                        ,          , Krasnojarsk          ,597,40792,841000000000
357, 1641 Changhwa Place                    ,          , Nord-Ouest           ,52,37636,257000000000
358, 1698 Southport Loop                    ,          , Hidalgo              ,393,49009,754000000000
359, 519 Nyeri Manor                        ,          , S?úo Paulo           ,461,37650,765000000000
360, 619 Hu?ínuco Avenue                    ,          , Shimane              ,331,81508,143000000000
361, 45 Aparecida de Goi?ónia Place         ,          , Madhya Pradesh       ,464,7431,650000000000
362, 482 Kowloon and New Kowloon Manor      ,          , Bratislava           ,90,97056,739000000000
363, 604 Bern Place                         ,          , Jharkhand            ,429,5373,621000000000
364, 1623 Kingstown Drive                   ,          , Buenos Aires         ,20,91299,296000000000
365, 1009 Zanzibar Lane                     ,          , Arecibo              ,32,64875,102000000000
366, 114 Jalib al-Shuyukh Manor             ,          , Centre               ,585,60440,845000000000
367, 1163 London Parkway                    ,          , Par                  ,66,6066,675000000000
368, 1658 Jastrzebie-Zdr??j Loop            ,          , Central              ,372,96584,568000000000
369, 817 Laredo Avenue                      ,          , Jalisco              ,188,77449,151000000000
370, 1565 Tangail Manor                     ,          , Okinawa              ,377,45750,634000000000
371, 1912 Emeishan Drive                    ,          , Balikesir            ,50,33050,99883471275
372, 230 Urawa Drive                        ,          , Andhra Pradesh       ,8,2738,167000000000
373, 1922 Miraj Way                         ,          , Esfahan              ,356,13203,320000000000
374, 433 Florencia Street                   ,          , Chihuahua            ,250,91330,562000000000
375, 1049 Matamoros Parkway                 ,          , Karnataka            ,191,69640,961000000000
376, 1061 Ede Avenue                        ,          , Southern Tagalog     ,98,57810,333000000000
377, 154 Oshawa Manor                       ,          , East Java            ,415,72771,440000000000
378, 1191 Tandil Drive                      ,          , Southern Tagalog     ,523,6362,45554316010
379, 1133 Rizhao Avenue                     ,          , Pernambuco           ,572,2800,600000000000
380, 1519 Santiago de los Caballeros Loop   ,          , East Kasai           ,348,22025,409000000000
381, 1618 Olomouc Manor                     ,          , Kurgan               ,285,26385,96846695220
382, 220 Hidalgo Drive                      ,          , Kermanshah           ,265,45298,343000000000
383, 686 Donostia-San Sebasti?ín Lane       ,          , Guangdong            ,471,97390,71857599858
384, 97 Mogiljov Lane                       ,          , Gujarat              ,73,89294,925000000000
385, 1642 Charlotte Amalie Drive            ,          , Slaskie              ,549,75442,821000000000
386, 1368 Maraca?¡bo Boulevard              ,          ,                      ,493,32716,934000000000
387, 401 Sucre Boulevard                    ,          , New Hampshire        ,322,25007,486000000000
388, 368 Hu?ínuco Boulevard                 ,          , Namibe               ,360,17165,106000000000
389, 500 Lincoln Parkway                    ,          , Ji??angsu            ,210,95509,550000000000
390, 102 Chapra Drive                       ,          , Ibaragi              ,521,14073,776000000000
391, 1793 Meixian Place                     ,          , Hmelnytskyi          ,258,33535,620000000000
392, 514 Ife Way                            ,          , Shaba                ,315,69973,900000000000
393, 717 Changzhou Lane                     ,          , Southern Tagalog     ,104,21615,426000000000
394, 753 Ilorin Avenue                      ,          , Sichuan              ,157,3656,465000000000
395, 1337 Mit Ghamr Avenue                  ,          , Nakhon Sawan         ,358,29810,175000000000
396, 767 Pyongyang Drive                    ,          , Osaka                ,229,83536,668000000000
397, 614 Pak Kret Street                    ,          , Addis Abeba          ,6,27796,47808359842
398, 954 Lapu-Lapu Way                      ,          , Moskova              ,278,8816,737000000000
399, 331 Bydgoszcz Parkway                  ,          , Asturia              ,181,966,537000000000
400, 1152 Citrus Heights Manor              ,          , al-Qadarif           ,15,5239,766000000000
401, 168 Cianjur Manor                      ,          , Saitama              ,228,73824,679000000000
402, 616 Hagonoy Avenue                     ,          , Krasnojarsk          ,39,46043,604000000000
403, 1190 0 Place                           ,          , Rio Grande do Sul    ,44,10417,842000000000
404, 734 B?®char Place                      ,          , Punjab               ,375,30586,281000000000
405, 530 Lausanne Lane                      ,          , Texas                ,135,11067,775000000000
406, 454 Patiala Lane                       ,          , Fukushima            ,276,13496,795000000000
407, 1346 Mysore Drive                      ,          , Bretagne             ,92,61507,517000000000
408, 990 Etawah Loop                        ,          , Tamil Nadu           ,564,79940,206000000000
409, 1266 Laredo Parkway                    ,          , Saitama              ,380,7664,1483365694
410, 88 Nagaon Manor                        ,          , Buenos Aires         ,524,86868,779000000000
411, 264 Bhimavaram Manor                   ,          , St Thomas            ,111,54749,303000000000
412, 1639 Saarbr??cken Drive                ,          , North West           ,437,9827,328000000000
413, 692 Amroha Drive                       ,          , Northern             ,230,35575,359000000000
414, 1936 Lapu-Lapu Parkway                 ,          , Bauchi & Gombe       ,141,7122,653000000000
415, 432 Garden Grove Street                ,          , Ontario              ,430,65630,616000000000
416, 1445 Carmen Parkway                    ,          , West Java            ,117,70809,599000000000
417, 791 Salinas Street                     ,          , Punjab               ,208,40509,130000000000
418, 126 Acu??a Parkway                     ,          , West Bengali         ,71,58888,480000000000
419, 397 Sunnyvale Avenue                   ,          , Guanajuato           ,19,55566,681000000000
420, 992 Klerksdorp Loop                    ,          , Utrecht              ,23,33711,855000000000
421, 966 Arecibo Loop                       ,          , Sind                 ,134,94018,15273765306
422, 289 Santo Andr?® Manor                 ,          , al-Sharqiya          ,16,72410,215000000000
423, 437 Chungho Drive                      ,          , Puerto Plata         ,450,59489,491000000000
424, 1948 Bayugan Parkway                   ,          , Bihar                ,264,60622,987000000000
425, 1866 al-Qatif Avenue                   ,          , California           ,155,89420,547000000000
426, 1661 Abha Drive                        ,          , Tamil Nadu           ,416,14400,270000000000
427, 1557 Cape Coral Parkway                ,          , Hubei                ,293,46875,368000000000
428, 1727 Matamoros Place                   ,          , Sawhaj               ,465,78813,130000000000
429, 1269 Botosani Manor                    ,          , Guangdong            ,468,47394,737000000000
430, 355 Vit??ria de Santo Ant?úo Way       ,          , Oaxaca               ,452,81758,548000000000
431, 1596 Acu??a Parkway                    ,          , Jharkhand            ,418,70425,157000000000
432, 259 Ipoh Drive                         ,          , S?úo Paulo           ,189,64964,419000000000
433, 1823 Hoshiarpur Lane                   ,          , Komi                 ,510,33191,307000000000
434, 1404 Taguig Drive                      ,          , Okayama              ,547,87212,572000000000
435, 740 Udaipur Lane                       ,          , Nizni Novgorod       ,150,33505,497000000000
436, 287 Cuautla Boulevard                  ,          , Chuquisaca           ,501,72736,82619513349
437, 1766 Almirante Brown Street            ,          , KwaZulu-Natal        ,364,63104,618000000000
438, 596 Huixquilucan Place                 ,          , Nampula              ,351,65892,343000000000
439, 1351 Aparecida de Goi?ónia Parkway     ,          , Northern Mindanao    ,391,41775,960000000000
440, 722 Bradford Lane                      ,          , Shandong             ,249,90920,746000000000
441, 983 Santa F?® Way                      ,          , British Colombia     ,565,47472,146000000000
442, 1245 Ibirit?® Way                      ,          , La Romana            ,290,40926,332000000000
443, 1836 Korla Parkway                     ,          , Copperbelt           ,272,55405,690000000000
444, 231 Kaliningrad Place                  ,          , Lombardia            ,70,57833,575000000000
445, 495 Bhimavaram Lane                    ,          , Maharashtra          ,144,3,82088937724
446, 1924 Shimonoseki Drive                 ,          , Batna                ,59,52625,407000000000
447, 105 Dzerzinsk Manor                    ,          , Inner Mongolia       ,540,48570,241000000000
448, 614 Denizli Parkway                    ,          , Rio Grande do Sul    ,486,29444,876000000000
449, 1289 Bel?®m Boulevard                  ,          , Tartumaa             ,530,88306,237000000000
450, 203 Tambaram Street                    ,          , Buenos Aires         ,161,73942,412000000000
451, 1704 Tambaram Manor                    ,          , West Bengali         ,554,2834,39463554936
452, 207 Cuernavaca Loop                    ,          , Tatarstan            ,352,52671,783000000000
453, 319 Springs Loop                       ,          , Baijeri              ,160,99552,72524459905
454, 956 Nam Dinh Manor                     ,          , Kerman               ,481,21872,474000000000
455, 1947 Paarl Way                         ,          , Central Java         ,509,23636,834000000000
456, 814 Simferopol Loop                    ,          , Sinaloa              ,154,48745,525000000000
457, 535 Ahmadnagar Manor                   ,          , Abu Dhabi            ,3,41136,985000000000
458, 138 Caracas Boulevard                  ,          , Zulia                ,326,16790,974000000000
459, 251 Florencia Drive                    ,          , Michoacn de Ocampo   ,556,16119,118000000000
460, 659 Gatineau Boulevard                 ,          , La Paz               ,153,28587,206000000000
461, 1889 Valparai Way                      ,          , Ziguinchor           ,600,75559,670000000000
462, 1485 Bratislava Place                  ,          , Illinois             ,435,83183,925000000000
463, 935 Aden Boulevard                     ,          , Central Java         ,532,64709,335000000000
464, 76 Kermanshah Manor                    ,          , Esfahan              ,423,23343,762000000000
465, 734 Tanshui Avenue                     ,          , Caquet               ,170,70664,367000000000
466, 118 Jaffna Loop                        ,          , Northern Mindanao    ,182,10447,326000000000
467, 1621 Tongliao Avenue                   ,          , Irkutsk              ,558,22173,209000000000
468, 1844 Usak Avenue                       ,          , Nova Scotia          ,196,84461,164000000000
469, 1872 Toulon Loop                       ,          , OHiggins             ,428,7939,929000000000
470, 1088 Ibirit?® Place                    ,          , Jalisco              ,595,88502,49084281333
471, 1322 Mosul Parkway                     ,          , Shandong             ,145,95400,268000000000
472, 1447 Chatsworth Place                  ,          , Chihuahua            ,129,41545,769000000000
473, 1257 Guadalajara Street                ,          , Karnataka            ,78,33599,195000000000
474, 1469 Plock Lane                        ,          , Galicia              ,388,95835,623000000000
475, 434 Ourense (Orense) Manor             ,          , Hodeida              ,206,14122,562000000000
476, 270 Tambaram Parkway                   ,          , Gauteng              ,244,9668,248000000000
477, 1786 Salinas Place                     ,          , Nam Ha               ,359,66546,206000000000
478, 1078 Stara Zagora Drive                ,          , Aceh                 ,301,69221,933000000000
479, 1854 Okara Boulevard                   ,          , Drenthe              ,158,42123,132000000000
480, 421 Yaound?® Street                    ,          , Sumy                 ,385,11363,727000000000
481, 1153 Allende Way                       ,          , Qu?®bec              ,179,20336,857000000000
482, 808 Na?ºala-Porto Parkway              ,          , England              ,500,41060,553000000000
483, 632 Usolje-Sibirskoje Parkway          ,          , Ha Darom             ,36,73085,668000000000
484, 98 Pyongyang Boulevard                 ,          , Ohio                 ,11,88749,192000000000
485, 984 Novot?íerkassk Loop                ,          , Gaziantep            ,180,28165,435000000000
486, 64 Korla Street                        ,          , Mwanza               ,347,25145,510000000000
487, 1785 S?úo Bernardo do Campo Street     ,          , Veracruz             ,125,71182,685000000000
488, 698 Jelets Boulevard                   ,          , Denizli              ,142,2596,975000000000
489, 1297 Alvorada Parkway                  ,          , Ningxia              ,587,11839,508000000000
490, 1909 Dayton Avenue                     ,          , Guangdong            ,469,88513,703000000000
491, 1789 Saint-Denis Parkway               ,          , Coahuila de Zaragoza ,4,8268,937000000000
492, 185 Mannheim Lane                      ,          , Stavropol            ,408,23661,589000000000
493, 184 Mandaluyong Street                 ,          , Baja California Sur  ,288,94239,488000000000
494, 591 Sungai Petani Drive                ,          , Okayama              ,376,46400,37247325001
495, 656 Matamoros Drive                    ,          , Boyac                ,487,19489,17305839123
496, 775 ?áostka Drive                      ,          , al-Daqahliya         ,337,22358,172000000000
497, 1013 Tabuk Boulevard                   ,          , West Bengali         ,261,96203,158000000000
498, 319 Plock Parkway                      ,          , Istanbul             ,504,26101,854000000000
499, 1954 Kowloon and New Kowloon Way       ,          , Chimborazo           ,434,63667,899000000000
500, 362 Rajkot Lane                        ,          , Gansu                ,47,98030,962000000000
501, 1060 Tandil Lane                       ,          , Shandong             ,432,72349,211000000000
502, 1515 Korla Way                         ,          , England              ,589,57197,959000000000
503, 1416 San Juan Bautista Tuxtepec Avenue ,          , Zufar                ,444,50592,144000000000
504, 1 Valle de Santiago Avenue             ,          , Apulia               ,93,86208,466000000000
505, 519 Brescia Parkway                    ,          , East Java            ,318,69504,794000000000
506, 414 Mandaluyong Street                 ,          , Lubelskie            ,314,16370,52709222667
507, 1197 Sokoto Boulevard                  ,          , West Bengali         ,478,87687,869000000000
508, 496 Celaya Drive                       ,          , Nagano               ,552,90797,760000000000
509, 786 Matsue Way                         ,          , Illinois             ,245,37469,111000000000
510, 48 Maraca?¡bo Place                    ,          , Central Luzon        ,519,1570,82671830126
511, 1152 al-Qatif Lane                     ,          , Kalimantan Barat     ,412,44816,131000000000
512, 1269 Ipoh Avenue                       ,          , Eskisehir            ,163,54674,403000000000
513, 758 Korolev Parkway                    ,          , Andhra Pradesh       ,568,75474,442000000000
514, 1747 Rustenburg Place                  ,          , Bihar                ,110,51369,443000000000
515, 886 Tonghae Place                      ,          , Volgograd            ,259,19450,712000000000
516, 1574 Goi?ónia Boulevard                ,          , Heilongjiang         ,502,39529,59634255214
517, 548 Uruapan Street                     ,          , Ontario              ,312,35653,879000000000
519, 962 Tama Loop                          ,          ,                      ,583,65952,283000000000
520, 1778 Gij??n Manor                      ,          , Hubei                ,594,35156,289000000000
521, 568 Dhule (Dhulia) Loop                ,          , Coquimbo             ,127,92568,602000000000
522, 1768 Udine Loop                        ,          , Battambang           ,60,32347,449000000000
523, 608 Birgunj Parkway                    ,          , Taipei               ,116,400,627000000000
524, 680 A Coru??a (La Coru??a) Manor       ,          , Sivas                ,482,49806,158000000000
525, 1949 Sanya Street                      ,          , Gumma                ,224,61244,132000000000
526, 617 Klerksdorp Place                   ,          , Khanh Hoa            ,366,94707,575000000000
527, 1993 0 Loop                            ,          , Liaoning             ,588,41214,25865528181
528, 1176 Southend-on-Sea Manor             ,          , Southern Tagalog     ,458,81651,237000000000
529, 600 Purnea (Purnia) Avenue             ,          , Nghe An              ,571,18043,638000000000
530, 1003 Qinhuangdao Street                ,          , West Java            ,419,25972,35533115997
531, 1986 Sivas Place                       ,          , Friuli-Venezia Giuli ,551,95775,182000000000
532, 1427 Tabuk Place                       ,          , Florida              ,101,31342,215000000000
533, 556 Asunci??n Way                      ,          , Mogiljov             ,339,35364,338000000000
534, 486 Ondo Parkway                       ,          , Benguela             ,67,35202,106000000000
535, 635 Brest Manor                        ,          , Andhra Pradesh       ,75,40899,80593242951
536, 166 Jinchang Street                    ,          , Buenos Aires         ,165,86760,718000000000
537, 958 Sagamihara Lane                    ,          , Mie                  ,287,88408,427000000000
538, 1817 Livorno Way                       ,          , Khanh Hoa            ,100,79401,478000000000
539, 1332 Gaziantep Lane                    ,          , Shandong             ,80,22813,383000000000
540, 949 Allende Lane                       ,          , Uttar Pradesh        ,24,67521,123000000000
541, 195 Ilorin Street                      ,          , Chari-Baguirmi       ,363,49250,8912935608
542, 193 Bhusawal Place                     ,          , Kang-won             ,539,9750,745000000000
543, 43 Vilnius Manor                       ,          , Colorado             ,42,79814,485000000000
544, 183 Haiphong Street                    ,          , Jilin                ,46,69953,489000000000
545, 163 Augusta-Richmond County Loop       ,          , Carabobo             ,561,33030,755000000000
546, 191 Jos?® Azueta Parkway               ,          , Ruse                 ,436,13629,932000000000
547, 379 Lublin Parkway                     ,          , Toscana              ,309,74568,922000000000
548, 1658 Cuman?í Loop                      ,          , Sumatera Selatan     ,396,51309,785000000000
549, 454 Qinhuangdao Drive                  ,          , Tadla-Azilal         ,68,25866,786000000000
550, 1715 Okayama Street                    ,          , S?úo Paulo           ,485,55676,169000000000
551, 182 Nuku??alofa Drive                  ,          , Sumy                 ,275,15414,426000000000
552, 390 Wroclaw Way                        ,          , Hainan               ,462,5753,358000000000
553, 1421 Quilmes Lane                      ,          , Ishikawa             ,260,19151,135000000000
554, 947 T??rshavn Place                    ,          , Central Luzon        ,528,841,50898428626
555, 1764 Jalib al-Shuyukh Parkway          ,          , Galicia              ,459,77642,84794532510
556, 346 Cam Ranh Avenue                    ,          , Zhejiang             ,599,39976,978000000000
557, 1407 Pachuca de Soto Place             ,          , Rio Grande do Sul    ,21,26284,380000000000
558, 904 Clarksville Drive                  ,          , Zhejiang             ,193,52234,955000000000
559, 1917 Kumbakonam Parkway                ,          , Vojvodina            ,368,11892,698000000000
560, 1447 Imus Place                        ,          , Gujarat              ,426,12905,62127829280
561, 1497 Fengshan Drive                    ,          , KwaZulu-Natal        ,112,63022,369000000000
562, 869 Shikarpur Way                      ,          , England              ,496,57380,591000000000
563, 1059 Yuncheng Avenue                   ,          , Vilna                ,570,47498,107000000000
564, 505 Madiun Boulevard                   ,          , Dolnoslaskie         ,577,97271,971000000000
565, 1741 Hoshiarpur Boulevard              ,          , al-Sharqiya          ,79,22372,855000000000
566, 1229 Varanasi (Benares) Manor          ,          , Buenos Aires         ,43,40195,818000000000
567, 1894 Boa Vista Way                     ,          , Texas                ,178,77464,239000000000
568, 1342 Sharja Way                        ,          , Sokoto & Kebbi & Zam ,488,93655,946000000000
569, 1342 Abha Boulevard                    ,          , Bukarest             ,95,10714,997000000000
570, 415 Pune Avenue                        ,          , Shandong             ,580,44274,203000000000
571, 1746 Faaa Way                          ,          , Hu?ínuco             ,214,32515,863000000000
572, 539 Hami Way                           ,          , Tokat                ,538,52196,526000000000
573, 1407 Surakarta Manor                   ,          , Moskova              ,466,33224,324000000000
574, 502 Mandi Bahauddin Parkway            ,          , Anzotegui            ,55,15992,618000000000
575, 1052 Pathankot Avenue                  ,          , Sichuan              ,299,77397,128000000000
576, 1351 Sousse Lane                       ,          , Coahuila de Zaragoza ,341,37815,204000000000
577, 1501 Pangkal Pinang Avenue             ,          , Mazowieckie          ,409,943,771000000000
578, 1405 Hagonoy Avenue                    ,          , Slaskie              ,133,86587,867000000000
579, 521 San Juan Bautista Tuxtepec Place   ,          , Qaraghandy           ,598,95093,844000000000
580, 923 Tangail Boulevard                  ,          , Tokyo-to             ,10,33384,316000000000
581, 186 Skikda Lane                        ,          , Morelos              ,131,89422,14465669789
582, 1568 Celaya Parkway                    ,          , Kaohsiung            ,168,34750,279000000000
583, 1489 Kakamigahara Lane                 ,          , Taipei               ,526,98883,29341849811
584, 1819 Alessandria Loop                  ,          , Campeche             ,103,53829,378000000000
585, 1208 Tama Loop                         ,          , Ninawa               ,344,73605,955000000000
586, 951 Springs Lane                       ,          , Central Mindanao     ,219,96115,165000000000
587, 760 Miyakonojo Drive                   ,          , Guerrero             ,246,64682,294000000000
588, 966 Asunci??n Way                      ,          , Hidalgo              ,212,62703,996000000000
589, 1584 Ljubertsy Lane                    ,          , England              ,494,22954,286000000000
590, 247 Jining Parkway                     ,          , Banjul               ,54,53446,170000000000
591, 773 Dallas Manor                       ,          , Buenos Aires         ,424,12664,914000000000
592, 1923 Stara Zagora Lane                 ,          , Nantou               ,546,95179,182000000000
593, 1402 Zanzibar Boulevard                ,          , Guanajuato           ,106,71102,387000000000
594, 1464 Kursk Parkway                     ,          , Shandong             ,574,17381,339000000000
595, 1074 Sanaa Parkway                     ,          , Loja                 ,311,22474,154000000000
596, 1759 Niznekamsk Avenue                 ,          , al-Manama            ,14,39414,864000000000
597, 32 Liaocheng Way                       ,          , Minas Gerais         ,248,1944,411000000000
598, 42 Fontana Avenue                      ,          , Fejr                 ,512,14684,438000000000
599, 1895 Zhezqazghan Drive                 ,          , California           ,177,36693,138000000000
600, 1837 Kaduna Parkway                    ,          , Inner Mongolia       ,241,82580,641000000000
601, 844 Bucuresti Place                    ,          , Liaoning             ,242,36603,936000000000
602, 1101 Bucuresti Boulevard               ,          , West Greece          ,401,97661,200000000000
603, 1103 Quilmes Boulevard                 ,          , Piura                ,503,52137,644000000000
604, 1331 Usak Boulevard                    ,          , Vaud                 ,296,61960,145000000000
605, 1325 Fukuyama Street                   ,          , Heilongjiang         ,537,27107,288000000000
